Workbook

Sheet Synthèse
A1: SYNTHÈSE / RUSTYX × NEXT.JS
A3: 23/09/2026 · Production · 3 passages · Apple M4 / 16 Gio · Next.js 16.3.5
A6: GAIN CPU · CHARGE MIXTE | E6: GAIN RAM · CHARGE MIXTE | I6: TEMPS ÉCONOMISÉ · MÊME CHARGE
A7: ='Global'!D8 -> 0.35438729 | E7: ='Global'!D9 -> 0.1475052 | I7: ='Global'!D7 -> 0.55311608
A11: Même charge = 70 000 réponses valides par moteur et par passage. Les trois critères restent distincts : aucun « score total » artificiel ne mélange secondes et mémoire.
A32: Parcours | B32: Gain RAM | C32: Gain CPU | D32: Débit Rustyx/Next | E32: Avantage RAM | F32: Avantage CPU
A33: Fichier public · 32 Kio | B33: ='Mémoire'!D7 -> 0.96050111 | C33: ='CPU'!D7 -> 0.14169541 | D33: ='Débit'!D7 -> 1.4128653 | E33: Rustyx | F33: Rustyx
A34: Pages · statique | B34: ='Mémoire'!D8 -> 0.96493727 | C34: ='CPU'!D8 -> -0.27527076 | D34: ='Débit'!D8 -> 1.9970575 | E34: Rustyx | F34: Next.js
A35: App · statique | B35: ='Mémoire'!D9 -> 0.96411049 | C35: ='CPU'!D9 -> 0.060939208 | D35: ='Débit'!D9 -> 2.6929533 | E35: Rustyx | F35: Rustyx
A36: Pages · SSR | B36: ='Mémoire'!D10 -> 0.48297793 | C36: ='CPU'!D10 -> 0.66163384 | D36: ='Débit'!D10 -> 2.890316 | E36: Rustyx | F36: Rustyx
A37: App · SSR | B37: ='Mémoire'!D11 -> 0.087468947 | C37: ='CPU'!D11 -> 0.26004413 | D37: ='Débit'!D11 -> 1.5184117 | E37: Rustyx | F37: Rustyx
A38: API Pages | B38: ='Mémoire'!D12 -> 0.40425244 | C38: ='CPU'!D12 -> -0.19707285 | D38: ='Débit'!D12 -> 1.3007928 | E38: Rustyx | F38: Next.js
A39: API App | B39: ='Mémoire'!D13 -> 0.35026573 | C39: ='CPU'!D13 -> 0.38888964 | D39: ='Débit'!D13 -> 2.2125162 | E39: Rustyx | F39: Rustyx
A41: Vert : économie ≥ 5 %. Orange : surcoût ≥ 5 %. « Proche » : écart inférieur à 5 %, repère de lecture et non test statistique. Les chiffres portent sur une petite application, pas sur toute application Next.js.

Sheet Global
A1: GLOBAL / RUSTYX × NEXT.JS
A3: 70 000 requêtes par passage : 10 000 sur chacun des sept parcours, entrelacées sur UNE instance. Quatre connexions simultanées.
A6: Critère | B6: Next.js | C6: Rustyx | D6: Gain Rustyx | E6: Avantage
A7: Temps total (s) | B7: =MEDIAN('Brut'!$F$37,'Brut'!$F$38,'Brut'!$F$39)/1000 -> 21.520699 | C7: =MEDIAN('Brut'!$F$40,'Brut'!$F$41,'Brut'!$F$42)/1000 -> 9.6172542 | D7: =1-C7/B7 -> 0.55311608 | E7: Rustyx
A8: CPU total (s) | B8: =MEDIAN('Brut'!$G$37,'Brut'!$G$38,'Brut'!$G$39)/1000 -> 26.44 | C8: =MEDIAN('Brut'!$G$40,'Brut'!$G$41,'Brut'!$G$42)/1000 -> 17.07 | D8: =1-C8/B8 -> 0.35438729 | E8: Rustyx
A9: RAM médiane (Mio) | B9: =MEDIAN('Brut'!$I$37,'Brut'!$I$38,'Brut'!$I$39) -> 307.82812 | C9: =MEDIAN('Brut'!$I$40,'Brut'!$I$41,'Brut'!$I$42) -> 262.42188 | D9: =1-C9/B9 -> 0.1475052 | E9: Rustyx
A10: Pic RAM (Mio) | B10: =MEDIAN('Brut'!$J$37,'Brut'!$J$38,'Brut'!$J$39) -> 312.15625 | C10: =MEDIAN('Brut'!$J$40,'Brut'!$J$41,'Brut'!$J$42) -> 269.15625 | D10: =1-C10/B10 -> 0.13775153 | E10: Rustyx
A14: Moteur | B14: Passage | C14: Durée (s) | D14: CPU total (s) | E14: RSS médiane | F14: Pic RSS | G14: Réponses | H14: p95 (ms) | I14: Cœurs équiv.
A15: next | B15: 1 | C15: 21.520699 | D15: 26.44 | E15: 311.04688 | F15: 313.20312 | G15: 70000 | H15: 3.347875 | I15: 1.2285847
A16: next | B16: 2 | C16: 21.607772 | D16: 26.57 | E16: 303.51562 | F16: 309.71875 | G16: 70000 | H16: 3.354833 | I16: 1.2296501
A17: next | B17: 3 | C17: 21.343135 | D17: 26.22 | E17: 307.82812 | F17: 312.15625 | G17: 70000 | H17: 3.322708 | I17: 1.2284981
A18: rustyx | B18: 1 | C18: 9.6172542 | D18: 17.25 | E18: 260.5 | F18: 266.85938 | G18: 70000 | H18: 1.214625 | I18: 1.7936512
A19: rustyx | B19: 2 | C19: 9.5699333 | D19: 17.07 | E19: 262.42188 | F19: 269.15625 | G19: 70000 | H19: 1.196792 | I19: 1.7837115
A20: rustyx | B20: 3 | C20: 9.6258391 | D20: 16.94 | E20: 265.48438 | F20: 269.76562 | G20: 70000 | H20: 1.233166 | I20: 1.7598466
A24: Indice indépendant | B24: Next.js = 100 | C24: Rustyx
A25: Temps total (s) | B25: 100 | C25: =100*C7/B7 -> 44.688392
A26: CPU total (s) | B26: 100 | C26: =100*C8/B8 -> 64.561271
A27: RAM médiane (Mio) | B27: 100 | C27: =100*C9/B9 -> 85.24948
A29: Les 3 passages répètent chacun la même charge. Le CPU total est un temps processeur cumulé, pas un pourcentage. La RAM est celle d’une instance ayant chargé les routes Pages et App ; elle n’est pas la somme de sept serveurs isolés.

Sheet Mémoire
A1: MÉMOIRE / RUSTYX × NEXT.JS
A3: RSS totale : processus Rust et Node, threads RSC inclus. Client de charge exclu. La RAM des scénarios ne s’additionne pas.
A6: Parcours | B6: Next (Mio) | C6: Rustyx (Mio) | D6: Gain Rustyx | E6: Avantage | F6: Next min | G6: Next max | H6: Rustyx min | I6: Rustyx max
A7: Fichier public · 32 Kio | B7: =MEDIAN('Brut'!$I$73,'Brut'!$I$74,'Brut'!$I$75) -> 212.03125 | C7: =MEDIAN('Brut'!$I$76,'Brut'!$I$77,'Brut'!$I$78) -> 8.375 | D7: =1-C7/B7 -> 0.96050111 | E7: Rustyx | F7: 211.96875 | G7: 212.35938 | H7: 8.34375 | I7: 8.421875
A8: Pages · statique | B8: =MEDIAN('Brut'!$I$61,'Brut'!$I$62,'Brut'!$I$63) -> 230.39062 | C8: =MEDIAN('Brut'!$I$64,'Brut'!$I$65,'Brut'!$I$66) -> 8.078125 | D8: =1-C8/B8 -> 0.96493727 | E8: Rustyx | F8: 229.51562 | G8: 231.4375 | H8: 8.015625 | I8: 8.09375
A9: App · statique | B9: =MEDIAN('Brut'!$I$25,'Brut'!$I$26,'Brut'!$I$27) -> 232.48438 | C9: =MEDIAN('Brut'!$I$28,'Brut'!$I$29,'Brut'!$I$30) -> 8.34375 | D9: =1-C9/B9 -> 0.96411049 | E9: Rustyx | F9: 227.46875 | G9: 235.375 | H9: 8.3125 | I9: 8.359375
A10: Pages · SSR | B10: =MEDIAN('Brut'!$I$49,'Brut'!$I$50,'Brut'!$I$51) -> 208.82812 | C10: =MEDIAN('Brut'!$I$52,'Brut'!$I$53,'Brut'!$I$54) -> 107.96875 | D10: =1-C10/B10 -> 0.48297793 | E10: Rustyx | F10: 207.76562 | G10: 211.96875 | H10: 107.29688 | I10: 110.09375
A11: App · SSR | B11: =MEDIAN('Brut'!$I$13,'Brut'!$I$14,'Brut'!$I$15) -> 270.45312 | C11: =MEDIAN('Brut'!$I$16,'Brut'!$I$17,'Brut'!$I$18) -> 246.79688 | D11: =1-C11/B11 -> 0.087468947 | E11: Rustyx | F11: 265.76562 | G11: 285.32812 | H11: 246.26562 | I11: 252.25
A12: API Pages | B12: =MEDIAN('Brut'!$I$43,'Brut'!$I$44,'Brut'!$I$45) -> 230.75 | C12: =MEDIAN('Brut'!$I$46,'Brut'!$I$47,'Brut'!$I$48) -> 137.46875 | D12: =1-C12/B12 -> 0.40425244 | E12: Rustyx | F12: 227.45312 | G12: 232.54688 | H12: 137.03125 | I12: 140.40625
A13: API App | B13: =MEDIAN('Brut'!$I$7,'Brut'!$I$8,'Brut'!$I$9) -> 252.84375 | C13: =MEDIAN('Brut'!$I$10,'Brut'!$I$11,'Brut'!$I$12) -> 164.28125 | D13: =1-C13/B13 -> 0.35026573 | E13: Rustyx | F13: 244.90625 | G13: 253.40625 | H13: 163.0625 | I13: 167.51562

Sheet CPU
A1: CPU / RUSTYX × NEXT.JS
A3: Temps CPU par réponse valide, tous les processus du serveur. Moins = mieux. Un débit élevé ne garantit pas un faible coût CPU.
A6: Parcours | B6: Next (ms/réponse) | C6: Rustyx (ms/réponse) | D6: Gain Rustyx | E6: Avantage | F6: Next min | G6: Next max | H6: Rustyx min | I6: Rustyx max
A7: Fichier public · 32 Kio | B7: =MEDIAN('Brut'!$H$73,'Brut'!$H$74,'Brut'!$H$75) -> 0.072365687 | C7: =MEDIAN('Brut'!$H$76,'Brut'!$H$77,'Brut'!$H$78) -> 0.062111801 | D7: =1-C7/B7 -> 0.14169541 | E7: Rustyx | F7: 0.071886515 | G7: 0.072382007 | H7: 0.05962614 | I7: 0.06308413
A8: Pages · statique | B8: =MEDIAN('Brut'!$H$61,'Brut'!$H$62,'Brut'!$H$63) -> 0.10581538 | C8: =MEDIAN('Brut'!$H$64,'Brut'!$H$65,'Brut'!$H$66) -> 0.13494326 | D8: =1-C8/B8 -> -0.27527076 | E8: Next.js | F8: 0.10519074 | G8: 0.10616377 | H8: 0.12984219 | I8: 0.13515024
A9: App · statique | B9: =MEDIAN('Brut'!$H$25,'Brut'!$H$26,'Brut'!$H$27) -> 0.14563257 | C9: =MEDIAN('Brut'!$H$28,'Brut'!$H$29,'Brut'!$H$30) -> 0.13675784 | D9: =1-C9/B9 -> 0.060939208 | E9: Rustyx | F9: 0.14512849 | G9: 0.14587915 | H9: 0.1309775 | I9: 0.13868315
A10: Pages · SSR | B10: =MEDIAN('Brut'!$H$49,'Brut'!$H$50,'Brut'!$H$51) -> 0.38801466 | C10: =MEDIAN('Brut'!$H$52,'Brut'!$H$53,'Brut'!$H$54) -> 0.13129103 | D10: =1-C10/B10 -> 0.66163384 | E10: Rustyx | F10: 0.38376646 | G10: 0.39084431 | H10: 0.13105088 | I10: 0.13209907
A11: App · SSR | B11: =MEDIAN('Brut'!$H$13,'Brut'!$H$14,'Brut'!$H$15) -> 1.1464148 | C11: =MEDIAN('Brut'!$H$16,'Brut'!$H$17,'Brut'!$H$18) -> 0.84829634 | D11: =1-C11/B11 -> 0.26004413 | E11: Rustyx | F11: 1.1446299 | G11: 1.1560069 | H11: 0.84451349 | I11: 0.85644489
A12: API Pages | B12: =MEDIAN('Brut'!$H$43,'Brut'!$H$44,'Brut'!$H$45) -> 0.092848751 | C12: =MEDIAN('Brut'!$H$46,'Brut'!$H$47,'Brut'!$H$48) -> 0.11114672 | D12: =1-C12/B12 -> -0.19707285 | E12: Next.js | F12: 0.092435709 | G12: 0.093261476 | H12: 0.11021339 | I12: 0.11136735
A13: API App | B13: =MEDIAN('Brut'!$H$7,'Brut'!$H$8,'Brut'!$H$9) -> 0.18970389 | C13: =MEDIAN('Brut'!$H$10,'Brut'!$H$11,'Brut'!$H$12) -> 0.11593001 | D13: =1-C13/B13 -> 0.38888964 | E13: Rustyx | F13: 0.18852729 | G13: 0.19012811 | H13: 0.11512832 | I13: 0.11738354

Sheet Débit
A1: DÉBIT / RUSTYX × NEXT.JS
A3: Réponses valides par seconde et latence p95, quatre requêtes simultanées. Médianes de trois passages.
A6: Parcours | B6: Next rép./s | C6: Rustyx rép./s | D6: Ratio débit | E6: Next p95 ms | F6: Rustyx p95 ms | G6: Avantage débit
A7: Fichier public · 32 Kio | B7: =MEDIAN('Brut'!$K$73,'Brut'!$K$74,'Brut'!$K$75) -> 23472.358 | C7: =MEDIAN('Brut'!$K$76,'Brut'!$K$77,'Brut'!$K$78) -> 33163.28 | D7: =C7/B7 -> 1.4128653 | E7: =MEDIAN('Brut'!$M$73,'Brut'!$M$74,'Brut'!$M$75) -> 0.2495 | F7: =MEDIAN('Brut'!$M$76,'Brut'!$M$77,'Brut'!$M$78) -> 0.179958 | G7: Rustyx
A8: Pages · statique | B8: =MEDIAN('Brut'!$K$61,'Brut'!$K$62,'Brut'!$K$63) -> 11197.462 | C8: =MEDIAN('Brut'!$K$64,'Brut'!$K$65,'Brut'!$K$66) -> 22361.976 | D8: =C8/B8 -> 1.9970575 | E8: =MEDIAN('Brut'!$M$61,'Brut'!$M$62,'Brut'!$M$63) -> 0.6255 | F8: =MEDIAN('Brut'!$M$64,'Brut'!$M$65,'Brut'!$M$66) -> 0.242333 | G8: Rustyx
A9: App · statique | B9: =MEDIAN('Brut'!$K$25,'Brut'!$K$26,'Brut'!$K$27) -> 8070.5113 | C9: =MEDIAN('Brut'!$K$28,'Brut'!$K$29,'Brut'!$K$30) -> 21733.51 | D9: =C9/B9 -> 2.6929533 | E9: =MEDIAN('Brut'!$M$25,'Brut'!$M$26,'Brut'!$M$27) -> 0.819875 | F9: =MEDIAN('Brut'!$M$28,'Brut'!$M$29,'Brut'!$M$30) -> 0.25125 | G9: Rustyx
A10: Pages · SSR | B10: =MEDIAN('Brut'!$K$49,'Brut'!$K$50,'Brut'!$K$51) -> 3478.0789 | C10: =MEDIAN('Brut'!$K$52,'Brut'!$K$53,'Brut'!$K$54) -> 10052.747 | D10: =C10/B10 -> 2.890316 | E10: =MEDIAN('Brut'!$M$49,'Brut'!$M$50,'Brut'!$M$51) -> 2.046666 | F10: =MEDIAN('Brut'!$M$52,'Brut'!$M$53,'Brut'!$M$54) -> 0.488083 | G10: Rustyx
A11: App · SSR | B11: =MEDIAN('Brut'!$K$13,'Brut'!$K$14,'Brut'!$K$15) -> 1164.0724 | C11: =MEDIAN('Brut'!$K$16,'Brut'!$K$17,'Brut'!$K$18) -> 1767.5411 | D11: =C11/B11 -> 1.5184117 | E11: =MEDIAN('Brut'!$M$13,'Brut'!$M$14,'Brut'!$M$15) -> 4.43625 | F11: =MEDIAN('Brut'!$M$16,'Brut'!$M$17,'Brut'!$M$18) -> 3.001708 | G11: Rustyx
A12: API Pages | B12: =MEDIAN('Brut'!$K$43,'Brut'!$K$44,'Brut'!$K$45) -> 13192.109 | C12: =MEDIAN('Brut'!$K$46,'Brut'!$K$47,'Brut'!$K$48) -> 17160.2 | D12: =C12/B12 -> 1.3007928 | E12: =MEDIAN('Brut'!$M$43,'Brut'!$M$44,'Brut'!$M$45) -> 0.528375 | F12: =MEDIAN('Brut'!$M$46,'Brut'!$M$47,'Brut'!$M$48) -> 0.322584 | G12: Rustyx
A13: API App | B13: =MEDIAN('Brut'!$K$7,'Brut'!$K$8,'Brut'!$K$9) -> 6812.1726 | C13: =MEDIAN('Brut'!$K$10,'Brut'!$K$11,'Brut'!$K$12) -> 15072.042 | D13: =C13/B13 -> 2.2125162 | E13: =MEDIAN('Brut'!$M$7,'Brut'!$M$8,'Brut'!$M$9) -> 1.183208 | F13: =MEDIAN('Brut'!$M$10,'Brut'!$M$11,'Brut'!$M$12) -> 0.382041 | G13: Rustyx
A37: Test à 8 connexions | B37: Erreurs Next | C37: Erreurs Rustyx | D37: p95 Next ms | E37: p95 Rustyx ms
A38: pages-ssr-c8 | B38: 0 | C38: 0 | D38: =MEDIAN('Brut'!$M$55,'Brut'!$M$56,'Brut'!$M$57) -> 4.552 | E38: =MEDIAN('Brut'!$M$58,'Brut'!$M$59,'Brut'!$M$60) -> 1.05825
A39: app-ssr-c8 | B39: 0 | C39: 0 | D39: =MEDIAN('Brut'!$M$19,'Brut'!$M$20,'Brut'!$M$21) -> 8.43175 | E39: =MEDIAN('Brut'!$M$22,'Brut'!$M$23,'Brut'!$M$24) -> 6.081084

Sheet Gzip
A1: GZIP / RUSTYX × NEXT.JS
A3: Même protocole, avec compression HTTP. Les fichiers publics sont compressés à la volée ; les pages construites disposent de variantes précompressées.
A6: Parcours gzip | B6: CPU Next ms | C6: CPU Rustyx ms | D6: Gain CPU | E6: RSS Next Mio | F6: RSS Rustyx Mio | G6: Next rép./s | H6: Rustyx rép./s
A7: Fichier public · 32 Kio | B7: =MEDIAN('Brut'!$H$79,'Brut'!$H$80,'Brut'!$H$81) -> 0.1695729 | C7: =MEDIAN('Brut'!$H$82,'Brut'!$H$83,'Brut'!$H$84) -> 0.10107063 | D7: =1-C7/B7 -> 0.40396943 | E7: =MEDIAN('Brut'!$I$79,'Brut'!$I$80,'Brut'!$I$81) -> 203.64062 | F7: =MEDIAN('Brut'!$I$82,'Brut'!$I$83,'Brut'!$I$84) -> 17.234375 | G7: =MEDIAN('Brut'!$K$79,'Brut'!$K$80,'Brut'!$K$81) -> 14579.187 | H7: =MEDIAN('Brut'!$K$82,'Brut'!$K$83,'Brut'!$K$84) -> 25029.614
A8: Pages · statique | B8: =MEDIAN('Brut'!$H$67,'Brut'!$H$68,'Brut'!$H$69) -> 0.16709938 | C8: =MEDIAN('Brut'!$H$70,'Brut'!$H$71,'Brut'!$H$72) -> 0.14864508 | D8: =1-C8/B8 -> 0.11043907 | E8: =MEDIAN('Brut'!$I$67,'Brut'!$I$68,'Brut'!$I$69) -> 224 | F8: =MEDIAN('Brut'!$I$70,'Brut'!$I$71,'Brut'!$I$72) -> 8.046875 | G8: =MEDIAN('Brut'!$K$67,'Brut'!$K$68,'Brut'!$K$69) -> 9050.3836 | H8: =MEDIAN('Brut'!$K$70,'Brut'!$K$71,'Brut'!$K$72) -> 19861.131
A9: App · statique | B9: =MEDIAN('Brut'!$H$31,'Brut'!$H$32,'Brut'!$H$33) -> 0.26107173 | C9: =MEDIAN('Brut'!$H$34,'Brut'!$H$35,'Brut'!$H$36) -> 0.14454822 | D9: =1-C9/B9 -> 0.44632756 | E9: =MEDIAN('Brut'!$I$31,'Brut'!$I$32,'Brut'!$I$33) -> 226.34375 | F9: =MEDIAN('Brut'!$I$34,'Brut'!$I$35,'Brut'!$I$36) -> 8 | G9: =MEDIAN('Brut'!$K$31,'Brut'!$K$32,'Brut'!$K$33) -> 6530.9472 | H9: =MEDIAN('Brut'!$K$34,'Brut'!$K$35,'Brut'!$K$36) -> 18815.217

Sheet Build et web
A1: BUILD ET WEB / RUSTYX × NEXT.JS
A3: Build du projet de test et JavaScript réellement chargé par Chromium. Installation des dépendances et compilation du binaire Rust exclues.
A6: Critère | B6: Next.js | C6: Rustyx | D6: Gain Rustyx | E6: Unité / périmètre
A7: Build du projet | B7: 2.0185796 | C7: 0.50922808 | D7: =1-C7/B7 -> 0.7477295 | E7: secondes
A8: Pic RSS du build | B8: 2105.7969 | C8: 208.79688 | D8: =1-C8/B8 -> 0.90084662 | E8: Mio, arbre de processus
A9: Sorties de build | B9: 42.699222 | C9: 4.0888367 | D9: =1-C9/B9 -> 0.90424096 | E9: Mio, hors dépendances et binaire
A11: JS /pages-static | B11: 119.10352 | C11: 84.248047 | D11: =1-C11/B11 -> 0.29264853 | E11: Kio compressés ; hydratation OK
A12: JS /app-static | B12: 130.56445 | C12: 89.285156 | D12: =1-C12/B12 -> 0.3161603 | E12: Kio compressés ; hydratation OK
A16: Build brut | B16: Passage | C16: Durée s | D16: Pic RSS Mio | E16: Sorties Mio
A17: next | B17: 1 | C17: 2.4581848 | D17: 2105.7969 | E17: 42.699222
A18: rustyx | B18: 1 | C18: 0.61140158 | D18: 198.5 | E18: 4.08885
A19: rustyx | B19: 2 | C19: 0.50922808 | D19: 209.125 | E19: 4.0888338
A20: next | B20: 2 | C20: 2.0185796 | D20: 2124.4062 | E20: 42.685557
A21: next | B21: 3 | C21: 1.9967745 | D21: 2070.8125 | E21: 42.701907
A22: rustyx | B22: 3 | C22: 0.49527033 | D22: 208.79688 | E22: 4.0888367

Sheet Brut
A1: BRUT / RUSTYX × NEXT.JS
A3: Chaque passage mesuré. Les tableaux de synthèse référencent ces cellules avec MEDIAN ; les résultats calculés sont aussi stockés dans le fichier.
A6: Moteur | B6: Scénario | C6: Passage | D6: Connexions | E6: Réponses valides | F6: Durée (ms) | G6: CPU total (ms) | H6: CPU / réponse (ms) | I6: RSS médiane (Mio) | J6: RSS pic (Mio) | K6: Réponses/s | L6: p50 (ms) | M6: p95 (ms) | N6: p99 (ms) | O6: Erreurs | P6: Tentatives | Q6: Démarrage (ms) | R6: 1re requête (ms) | S6: CPU client (ms) | T6: Octets/réponse | U6: Encodage | V6: RSS après chauffe | W6: Répartition requêtes
A7: next | B7: app-api | C7: 1 | D7: 4 | E7: 27253 | F7: 4000.6326 | G7: 5170 | H7: 0.18970389 | I7: 252.84375 | J7: 266.64062 | K7: 6812.1726 | L7: 0.452625 | M7: 1.16475 | N7: 1.563291 | O7: 0 | P7: 27253 | Q7: 155.12462 | R7: 12.706958 | S7: 1105.816 | T7: 134.59249 | U7: identity | V7: 144.85938 | W7: {"/api/app": 27253}
A8: next | B8: app-api | C8: 2 | D8: 4 | E8: 27317 | F8: 4000.6296 | G8: 5150 | H8: 0.18852729 | I8: 253.40625 | J8: 264.46875 | K8: 6828.1753 | L8: 0.446125 | M8: 1.183208 | N8: 1.558459 | O8: 0 | P8: 27317 | Q8: 154.47796 | R8: 12.920875 | S8: 1098.114 | T8: 134.59344 | U8: identity | V8: 143.29688 | W8: {"/api/app": 27317}
A9: next | B9: app-api | C9: 3 | D9: 4 | E9: 27087 | F9: 4000.6055 | G9: 5150 | H9: 0.19012811 | I9: 244.90625 | J9: 263.23438 | K9: 6770.7251 | L9: 0.450458 | M9: 1.186834 | N9: 1.61675 | O9: 0 | P9: 27087 | Q9: 153.36196 | R9: 12.5555 | S9: 1105.512 | T9: 134.58999 | U9: identity | V9: 143 | W9: {"/api/app": 27087}
A10: rustyx | B10: app-api | C10: 1 | D10: 4 | E10: 60295 | F10: 4000.4533 | G10: 6990 | H10: 0.11593001 | I10: 163.0625 | J10: 163.96875 | K10: 15072.042 | L10: 0.237125 | M10: 0.379708 | N10: 0.67975 | O10: 0 | P10: 60295 | Q10: 27.795792 | R10: 45.980084 | S10: 2184.81 | T10: 134.81581 | U10: identity | V10: 86.375 | W10: {"/api/app": 60295}
A11: rustyx | B11: app-api | C11: 2 | D11: 4 | E11: 59378 | F11: 4000.4574 | G11: 6970 | H11: 0.11738354 | I11: 167.51562 | J11: 167.98438 | K11: 14842.803 | L11: 0.239666 | M11: 0.391167 | N11: 0.698917 | O11: 0 | P11: 59378 | Q11: 28.491125 | R11: 46.452 | S11: 2151.177 | T11: 134.81296 | U11: identity | V11: 88.828125 | W11: {"/api/app": 59378}
A12: rustyx | B12: app-api | C12: 3 | D12: 4 | E12: 60628 | F12: 4000.717 | G12: 6980 | H12: 0.11512832 | I12: 164.28125 | J12: 164.84375 | K12: 15154.284 | L12: 0.23525 | M12: 0.382041 | N12: 0.683791 | O12: 0 | P12: 60628 | Q12: 28.545417 | R12: 46.289458 | S12: 2181.202 | T12: 134.81682 | U12: identity | V12: 87.265625 | W12: {"/api/app": 60628}
A13: next | B13: app-ssr | C13: 1 | D13: 4 | E13: 4658 | F13: 4001.4695 | G13: 5340 | H13: 1.1464148 | I13: 265.76562 | J13: 275.54688 | K13: 1164.0724 | L13: 3.261625 | M13: 4.406625 | N13: 5.457708 | O13: 0 | P13: 4658 | Q13: 152.85283 | R13: 30.068667 | S13: 461.553 | T13: 22454.812 | U13: identity | V13: 237.04688 | W13: {"/app-ssr": 4658}
A14: next | B14: app-ssr | C14: 2 | D14: 4 | E14: 4628 | F14: 4001.5051 | G14: 5350 | H14: 1.1560069 | I14: 285.32812 | J14: 293.64062 | K14: 1156.5648 | L14: 3.271375 | M14: 4.473875 | N14: 5.454583 | O14: 0 | P14: 4628 | Q14: 152.04458 | R14: 30.562875 | S14: 469.262 | T14: 22454.804 | U14: identity | V14: 238.65625 | W14: {"/app-ssr": 4628}
A15: next | B15: app-ssr | C15: 3 | D15: 4 | E15: 4674 | F15: 4001.2921 | G15: 5350 | H15: 1.1446299 | I15: 270.45312 | J15: 278.48438 | K15: 1168.1227 | L15: 3.224459 | M15: 4.43625 | N15: 6.115875 | O15: 0 | P15: 4674 | Q15: 155.09138 | R15: 29.796291 | S15: 453.267 | T15: 22454.816 | U15: identity | V15: 239.6875 | W15: {"/app-ssr": 4674}
A16: rustyx | B16: app-ssr | C16: 1 | D16: 4 | E16: 6959 | F16: 4002.0376 | G16: 5960 | H16: 0.85644489 | I16: 252.25 | J16: 256.09375 | K16: 1738.8642 | L16: 2.134125 | M16: 3.028208 | N16: 4.288084 | O16: 0 | P16: 6959 | Q16: 27.494584 | R16: 121.45262 | S16: 864.713 | T16: 21138.21 | U16: identity | V16: 202.65625 | W16: {"/app-ssr": 6959}
A17: rustyx | B17: app-ssr | C17: 2 | D17: 4 | E17: 7081 | F17: 4001.8849 | G17: 5980 | H17: 0.84451349 | I17: 246.26562 | J17: 251.79688 | K17: 1769.4162 | L17: 2.09025 | M17: 2.980708 | N17: 4.261333 | O17: 0 | P17: 7081 | Q17: 28.557584 | R17: 112.61888 | S17: 880.644 | T17: 21138.223 | U17: identity | V17: 198.54688 | W17: {"/app-ssr": 7081}
A18: rustyx | B18: app-ssr | C18: 3 | D18: 4 | E18: 7073 | F18: 4001.6043 | G18: 6000 | H18: 0.84829634 | I18: 246.79688 | J18: 249.6875 | K18: 1767.5411 | L18: 2.081417 | M18: 3.001708 | N18: 4.57375 | O18: 0 | P18: 7073 | Q18: 27.889666 | R18: 111.75717 | S18: 850.381 | T18: 21138.223 | U18: identity | V18: 197.48438 | W18: {"/app-ssr": 7073}
... A84: rustyx | B84: public-32k-gzip | C84: 3 | D84: 4 | E84: 83381 | F84: 4000.4885 | G84: 10100 | H84: 0.12113071 | I84: 17.234375 | J84: 17.546875 | K84: 20842.704 | L84: 0.178667 | M84: 0.271291 | N84: 0.385084 | O84: 0 | P84: 83381 | Q84: 29.182417 | R84: 3.817334 | S84: 3672.597 | T84: 92 | U84: gzip | V84: 13.328125 | W84: {"/payload.txt": 83381}

Sheet Méthode
A1: MÉTHODE / RUSTYX × NEXT.JS
A3: Périmètre, conventions de calcul, définitions et références des données.
A6: Élément | B6: Détail
A7: Date et machine | B7: 23/09/2026 · Apple M4 · 10 cœurs logiques · 16 Gio · Node v22.17.1
A8: Versions | B8: Next.js 16.3.5 avec Turbopack par défaut ; Rustyx 0.1.0-alpha.1 release ; React/react-dom 19.3.0.
A9: Même projet | B9: Sept parcours : fichier public de 32 Kio, Pages/App statiques et SSR, API Pages/App. Pages de 100 lignes avec compteur hydraté ; API JSON de 20 valeurs. Aucun appel distant.
A10: Répétitions | B10: Trois passages, ordre des moteurs alterné. Serveur neuf par scénario. Un worker Rustyx ; configuration Next par défaut. Aucun changement du framework pendant les mesures.
A11: Parcours isolés | B11: 1 000 requêtes de chauffe puis quatre secondes avec quatre connexions keep-alive. Variantes identity et gzip. Les essais SSR à huit connexions durent deux secondes.
A12: Charge globale | B12: Une seule instance par moteur : chauffe de 1 400 requêtes puis 70 000 demandes entrelacées, exactement 10 000 par parcours, avec quatre connexions. Cette charge est répétée trois fois.
A13: CPU | B13: Temps CPU serveur et descendants via ps. CPU/réponse = CPU cumulé ÷ réponses valides. Les threads RSC sont inclus dans leur processus. Le CPU du client est exclu.
A14: RAM | B14: RSS cumulée Rust + Node, échantillonnée toutes les 150 ms environ. Partages de pages potentiellement comptés plusieurs fois ; ce n’est pas une mémoire physique unique. Les pics brefs peuvent être manqués.
A15: Agrégation | B15: Médiane des trois passages. RAM sous charge : médiane temporelle, puis médiane des passages. Un pic affiché est la médiane des pics observés. Aucune somme de RAM entre scénarios.
A16: Gains | B16: Économie = 1 − Rustyx/Next pour CPU, RAM et durée. Ratio de débit = Rustyx/Next. Écart < 5 % qualifié de proche, sans signification statistique garantie.
A17: Vérification | B17: Statut et marqueur vérifiés dans toutes les réponses ; identifiant variable pour le dynamique. Chaque parcours mixte doit recevoir exactement 10 000 requêtes. Hydratation et clic du compteur dans Chromium.
... A23: SHA-256 fixture | B23: a493e3268bc9025d6c031e50fda60ca620b3bc02bea7ae6ad19b930ff5666b4b
